{"D": {"size": 51715, "min": 0.03409385681152344, "max": 5.616903305053711, "mean": 2.5847423333650537, "stdev": 1.074225160910606, "quantiles": [0.9958744049072266, 1.8169879913330078, 2.805948257446289, 3.702878952026367, 3.879070281982422]}, "U": {"size": 900, "min": 0.00476837158203125, "max": 2.0439624786376953, "mean": 0.2685716417100694, "stdev": 0.5474658194017378, "quantiles": [0.0059604644775390625, 0.0069141387939453125, 0.010013580322265625, 0.05221366882324219, 1.013040542602539]}}