{"mac.txreq": {"dir": "D", "size": 646, "min": 0.030040740966796875, "max": 0.051975250244140625, "mean": 0.03163438094289679, "stdev": 0.003559923257238436, "quantiles": [0.030040740966796875, 0.030040740966796875, 0.030994415283203125, 0.030994415283203125, 0.031948089599609375]}}{"mac.mux": {"dir": "D", "size": 646, "min": 0.00095367431640625, "max": 2.0020008087158203, "mean": 1.0236833855832694, "stdev": 0.8110295542013067, "quantiles": [0.0019073486328125, 0.0030994415283203125, 1.004934310913086, 1.8351078033447266, 2.001047134399414]}}{"rlc.tx.am": {"dir": "D", "size": 2, "min": 0, "max": 0, "mean": 0.0, "stdev": 0.0, "quantiles": [0.0, 0.0, 0.0, 0.0, 0.0]}}{"rlc.seg.am": {"dir": "D", "size": 2, "min": 0.00095367431640625, "max": 0.00095367431640625, "mean": 0.00095367431640625, "stdev": 0.0, "quantiles": [0.00095367431640625, 0.00095367431640625, 0.00095367431640625, 0.00095367431640625, 0.00095367431640625]}}{"ip": {"dir": "D", "size": 644, "min": 0, "max": 0, "mean": 0.0, "stdev": 0.0, "quantiles": [0.0, 0.0, 0.0, 0.0, 0.0]}}{"pdcp.in": {"dir": "D", "size": 640, "min": 0.0, "max": 1.9989013671875, "mean": 0.11706463992595673, "stdev": 0.3899546766594791, "quantiles": [0.0, 0.0, 0.0019073486328125, 0.0050067901611328125, 0.20213127136230474]}}{"pdcp.tx": {"dir": "D", "size": 640, "min": 0.0, "max": 0.0040531158447265625, "mean": 0.0004637986421585083, "stdev": 0.0005442564981268355, "quantiles": [0.0, 0.0, 0.0, 0.00095367431640625, 0.00095367431640625]}}{"rlc.tx.um": {"dir": "D", "size": 620, "min": 0.0011920928955078125, "max": 2.977132797241211, "mean": 0.7536338221642279, "stdev": 0.6314249688699177, "quantiles": [0.102996826171875, 0.17404556274414062, 0.7369518280029297, 0.949859619140625, 1.7709732055664062]}}{"rlc.seg.um": {"dir": "D", "size": 620, "min": 0.0, "max": 0.0030994415283203125, "mean": 0.0015004988639585434, "stdev": 0.0008312491995236771, "quantiles": [0.00095367431640625, 0.00095367431640625, 0.0011920928955078125, 0.0021457672119140625, 0.00286102294921875]}}{"phy.in.proc": {"dir": "U", "size": 700, "min": 0, "max": 0, "mean": 0.0, "stdev": 0.0, "quantiles": [0.0, 0.0, 0.0, 0.0, 0.0]}}{"mac.demux": {"dir": "U", "size": 698, "min": 0.0, "max": 2.001047134399414, "mean": 0.1851511548105147, "stdev": 0.5023109723102228, "quantiles": [0.00095367431640625, 0.00095367431640625, 0.0011920928955078125, 0.0021457672119140625, 0.9980201721191406]}}{"rlc.rx.um": {"dir": "U", "size": 698, "min": 0.0, "max": 0.0011920928955078125, "mean": 0.0002203151626368307, "stdev": 0.0004124573739574681, "quantiles": [0.0, 0.0, 0.0, 0.0, 0.00095367431640625]}}{"rlc.unseg.um": {"dir": "U", "size": 784, "min": 0.0, "max": 0.09012222290039062, "mean": 0.010119104871944505, "stdev": 0.016984605625268396, "quantiles": [0.0, 0.0, 0.00095367431640625, 0.008285045623779297, 0.03790855407714844]}}{"pdcp.rx": {"dir": "U", "size": 784, "min": 0.00095367431640625, "max": 0.011920928955078125, "mean": 0.004159248605066416, "stdev": 0.0019905620639356653, "quantiles": [0.00095367431640625, 0.00286102294921875, 0.0040531158447265625, 0.0050067901611328125, 0.006198883056640625]}}{"ip": {"dir": "U", "size": 644, "min": 0, "max": 0, "mean": 0.0, "stdev": 0.0, "quantiles": [0.0, 0.0, 0.0, 0.0, 0.0]}}